<?xml version="1.0" encoding="UTF-8" standalone="no" ?>
<Project xmlns:xsi="http://www.w3.org/2001/XMLSchema-instance" xsi:noNamespaceSchemaLocation="project_projx.xsd">

  <SchemaVersion>2.1</SchemaVersion>

  <Header>### uVision Project, (C) Keil Software</Header>

  <Targets>
    <Target>
      <TargetName>Target 1</TargetName>
      <ToolsetNumber>0x4</ToolsetNumber>
      <ToolsetName>ARM-ADS</ToolsetName>
      <TargetOption>
        <TargetCommonOption>
          <Device>STM32F072CB</Device>
          <Vendor>STMicroelectronics</Vendor>
          <PackID>Keil.STM32F0xx_DFP.1.5.0</PackID>
          <PackURL>http://www.keil.com/pack/</PackURL>
          <Cpu>IROM(0x08000000,0x20000) IRAM(0x20000000,0x4000) CPUTYPE("Cortex-M0") CLOCK(48000000) ELITTLE</Cpu>
          <FlashUtilSpec></FlashUtilSpec>
          <StartupFile></StartupFile>
          <FlashDriverDll>UL2CM3(-S0 -C0 -P0 -FD20000000 -FC1000 -FN1 -FF0STM32F0xx_128 -FS08000000 -FL020000 -FP0($$Device:STM32F072CB$Flash\STM32F0xx_128.FLM))</FlashDriverDll>
          <DeviceId>7353</DeviceId>
          <RegisterFile>$$Device:STM32F072CB$Device\Include\stm32f0xx.h</RegisterFile>
          <MemoryEnv></MemoryEnv>
          <Cmp></Cmp>
          <Asm></Asm>
          <Linker></Linker>
          <OHString></OHString>
          <InfinionOptionDll></InfinionOptionDll>
          <SLE66CMisc>-DSTM32F072</SLE66CMisc>
          <SLE66AMisc></SLE66AMisc>
          <SLE66LinkerMisc></SLE66LinkerMisc>
          <SFDFile>$$Device:STM32F072CB$SVD\STM32F072x.svd</SFDFile>
          <bCustSvd>0</bCustSvd>
          <UseEnv>0</UseEnv>
          <BinPath></BinPath>
          <IncludePath></IncludePath>
          <LibPath></LibPath>
          <RegisterFilePath></RegisterFilePath>
          <DBRegisterFilePath></DBRegisterFilePath>
          <TargetStatus>
            <Error>0</Error>
            <ExitCodeStop>0</ExitCodeStop>
            <ButtonStop>0</ButtonStop>
            <NotGenerated>0</NotGenerated>
            <InvalidFlash>1</InvalidFlash>
          </TargetStatus>
          <OutputDirectory>.\</OutputDirectory>
          <OutputName>Usart</OutputName>
          <CreateExecutable>1</CreateExecutable>
          <CreateLib>0</CreateLib>
          <CreateHexFile>1</CreateHexFile>
          <DebugInformation>1</DebugInformation>
          <BrowseInformation>1</BrowseInformation>
          <ListingPath>.\</ListingPath>
          <HexFormatSelection>1</HexFormatSelection>
          <Merge32K>0</Merge32K>
          <CreateBatchFile>0</CreateBatchFile>
          <BeforeCompile>
            <RunUserProg1>0</RunUserProg1>
            <RunUserProg2>0</RunUserProg2>
            <UserProg1Name></UserProg1Name>
            <UserProg2Name></UserProg2Name>
            <UserProg1Dos16Mode>0</UserProg1Dos16Mode>
            <UserProg2Dos16Mode>0</UserProg2Dos16Mode>
            <nStopU1X>0</nStopU1X>
            <nStopU2X>0</nStopU2X>
          </BeforeCompile>
          <BeforeMake>
            <RunUserProg1>0</RunUserProg1>
            <RunUserProg2>0</RunUserProg2>
            <UserProg1Name></UserProg1Name>
            <UserProg2Name></UserProg2Name>
            <UserProg1Dos16Mode>0</UserProg1Dos16Mode>
            <UserProg2Dos16Mode>0</UserProg2Dos16Mode>
            <nStopB1X>0</nStopB1X>
            <nStopB2X>0</nStopB2X>
          </BeforeMake>
          <AfterMake>
            <RunUserProg1>0</RunUserProg1>
            <RunUserProg2>0</RunUserProg2>
            <UserProg1Name></UserProg1Name>
            <UserProg2Name></UserProg2Name>
            <UserProg1Dos16Mode>0</UserProg1Dos16Mode>
            <UserProg2Dos16Mode>0</UserProg2Dos16Mode>
          </AfterMake>
          <SelectedForBatchBuild>0</SelectedForBatchBuild>
          <SVCSIdString></SVCSIdString>
        </TargetCommonOption>
        <CommonProperty>
          <UseCPPCompiler>0</UseCPPCompiler>
          <RVCTCodeConst>0</RVCTCodeConst>
          <RVCTZI>0</RVCTZI>
          <RVCTOtherData>0</RVCTOtherData>
          <ModuleSelection>0</ModuleSelection>
          <IncludeInBuild>1</IncludeInBuild>
          <AlwaysBuild>0</AlwaysBuild>
          <GenerateAssemblyFile>0</GenerateAssemblyFile>
          <AssembleAssemblyFile>0</AssembleAssemblyFile>
          <PublicsOnly>0</PublicsOnly>
          <StopOnExitCode>3</StopOnExitCode>
          <CustomArgument></CustomArgument>
          <IncludeLibraryModules></IncludeLibraryModules>
          <ComprImg>1</ComprImg>
        </CommonProperty>
        <DllOption>
          <SimDllName>SARMCM3.DLL</SimDllName>
          <SimDllArguments>-REMAP</SimDllArguments>
          <SimDlgDll>DARMCM1.DLL</SimDlgDll>
          <SimDlgDllArguments>-pCM0</SimDlgDllArguments>
          <TargetDllName>SARMCM3.DLL</TargetDllName>
          <TargetDllArguments></TargetDllArguments>
          <TargetDlgDll>TARMCM1.DLL</TargetDlgDll>
          <TargetDlgDllArguments>-pCM0</TargetDlgDllArguments>
        </DllOption>
        <DebugOption>
          <OPTHX>
            <HexSelection>1</HexSelection>
            <HexRangeLowAddress>0</HexRangeLowAddress>
            <HexRangeHighAddress>0</HexRangeHighAddress>
            <HexOffset>0</HexOffset>
            <Oh166RecLen>16</Oh166RecLen>
          </OPTHX>
          <Simulator>
            <UseSimulator>0</UseSimulator>
            <LoadApplicationAtStartup>1</LoadApplicationAtStartup>
            <RunToMain>1</RunToMain>
            <RestoreBreakpoints>1</RestoreBreakpoints>
            <RestoreWatchpoints>1</RestoreWatchpoints>
            <RestoreMemoryDisplay>1</RestoreMemoryDisplay>
            <RestoreFunctions>1</RestoreFunctions>
            <RestoreToolbox>1</RestoreToolbox>
            <LimitSpeedToRealTime>0</LimitSpeedToRealTime>
            <RestoreSysVw>1</RestoreSysVw>
          </Simulator>
          <Target>
            <UseTarget>1</UseTarget>
            <LoadApplicationAtStartup>1</LoadApplicationAtStartup>
            <RunToMain>1</RunToMain>
            <RestoreBreakpoints>1</RestoreBreakpoints>
            <RestoreWatchpoints>1</RestoreWatchpoints>
            <RestoreMemoryDisplay>1</RestoreMemoryDisplay>
            <RestoreFunctions>0</RestoreFunctions>
            <RestoreToolbox>1</RestoreToolbox>
            <RestoreTracepoints>1</RestoreTracepoints>
            <RestoreSysVw>1</RestoreSysVw>
          </Target>
          <RunDebugAfterBuild>0</RunDebugAfterBuild>
          <TargetSelection>11</TargetSelection>
          <SimDlls>
            <CpuDll></CpuDll>
            <CpuDllArguments></CpuDllArguments>
            <PeripheralDll></PeripheralDll>
            <PeripheralDllArguments></PeripheralDllArguments>
            <InitializationFile></InitializationFile>
          </SimDlls>
          <TargetDlls>
            <CpuDll></CpuDll>
            <CpuDllArguments></CpuDllArguments>
            <PeripheralDll></PeripheralDll>
            <PeripheralDllArguments></PeripheralDllArguments>
            <InitializationFile></InitializationFile>
            <Driver>STLink\ST-LINKIII-KEIL_SWO.dll</Driver>
          </TargetDlls>
        </DebugOption>
        <Utilities>
          <Flash1>
            <UseTargetDll>1</UseTargetDll>
            <UseExternalTool>0</UseExternalTool>
            <RunIndependent>0</RunIndependent>
            <UpdateFlashBeforeDebugging>0</UpdateFlashBeforeDebugging>
            <Capability>1</Capability>
            <DriverSelection>4103</DriverSelection>
          </Flash1>
          <bUseTDR>0</bUseTDR>
          <Flash2>STLink\ST-LINKIII-KEIL_SWO.dll</Flash2>
          <Flash3>"" ()</Flash3>
          <Flash4></Flash4>
          <pFcarmOut></pFcarmOut>
          <pFcarmGrp></pFcarmGrp>
          <pFcArmRoot></pFcArmRoot>
          <FcArmLst>0</FcArmLst>
        </Utilities>
        <TargetArmAds>
          <ArmAdsMisc>
            <GenerateListings>0</GenerateListings>
            <asHll>1</asHll>
            <asAsm>1</asAsm>
            <asMacX>1</asMacX>
            <asSyms>1</asSyms>
            <asFals>1</asFals>
            <asDbgD>1</asDbgD>
            <asForm>1</asForm>
            <ldLst>0</ldLst>
            <ldmm>1</ldmm>
            <ldXref>1</ldXref>
            <BigEnd>0</BigEnd>
            <AdsALst>1</AdsALst>
            <AdsACrf>1</AdsACrf>
            <AdsANop>0</AdsANop>
            <AdsANot>0</AdsANot>
            <AdsLLst>1</AdsLLst>
            <AdsLmap>1</AdsLmap>
            <AdsLcgr>1</AdsLcgr>
            <AdsLsym>1</AdsLsym>
            <AdsLszi>1</AdsLszi>
            <AdsLtoi>1</AdsLtoi>
            <AdsLsun>1</AdsLsun>
            <AdsLven>1</AdsLven>
            <AdsLsxf>1</AdsLsxf>
            <RvctClst>0</RvctClst>
            <GenPPlst>0</GenPPlst>
            <AdsCpuType>"Cortex-M0"</AdsCpuType>
            <RvctDeviceName></RvctDeviceName>
            <mOS>0</mOS>
            <uocRom>0</uocRom>
            <uocRam>0</uocRam>
            <hadIROM>1</hadIROM>
            <hadIRAM>1</hadIRAM>
            <hadXRAM>0</hadXRAM>
            <uocXRam>0</uocXRam>
            <RvdsVP>0</RvdsVP>
            <hadIRAM2>0</hadIRAM2>
            <hadIROM2>0</hadIROM2>
            <StupSel>8</StupSel>
            <useUlib>0</useUlib>
            <EndSel>0</EndSel>
            <uLtcg>0</uLtcg>
            <RoSelD>3</RoSelD>
            <RwSelD>3</RwSelD>
            <CodeSel>0</CodeSel>
            <OptFeed>0</OptFeed>
            <NoZi1>0</NoZi1>
            <NoZi2>0</NoZi2>
            <NoZi3>0</NoZi3>
            <NoZi4>0</NoZi4>
            <NoZi5>0</NoZi5>
            <Ro1Chk>0</Ro1Chk>
            <Ro2Chk>0</Ro2Chk>
            <Ro3Chk>0</Ro3Chk>
            <Ir1Chk>1</Ir1Chk>
            <Ir2Chk>0</Ir2Chk>
            <Ra1Chk>0</Ra1Chk>
            <Ra2Chk>0</Ra2Chk>
            <Ra3Chk>0</Ra3Chk>
            <Im1Chk>1</Im1Chk>
            <Im2Chk>0</Im2Chk>
            <OnChipMemories>
              <Ocm1>
                <Type>0</Type>
                <StartAddress>0x0</StartAddress>
                <Size>0x0</Size>
              </Ocm1>
              <Ocm2>
                <Type>0</Type>
                <StartAddress>0x0</StartAddress>
                <Size>0x0</Size>
              </Ocm2>
              <Ocm3>
                <Type>0</Type>
                <StartAddress>0x0</StartAddress>
                <Size>0x0</Size>
              </Ocm3>
              <Ocm4>
                <Type>0</Type>
                <StartAddress>0x0</StartAddress>
                <Size>0x0</Size>
              </Ocm4>
              <Ocm5>
                <Type>0</Type>
                <StartAddress>0x0</StartAddress>
                <Size>0x0</Size>
              </Ocm5>
              <Ocm6>
                <Type>0</Type>
                <StartAddress>0x0</StartAddress>
                <Size>0x0</Size>
              </Ocm6>
              <IRAM>
                <Type>0</Type>
                <StartAddress>0x20000000</StartAddress>
                <Size>0x4000</Size>
              </IRAM>
              <IROM>
                <Type>1</Type>
                <StartAddress>0x8000000</StartAddress>
                <Size>0x20000</Size>
              </IROM>
              <XRAM>
                <Type>0</Type>
                <StartAddress>0x0</StartAddress>
                <Size>0x0</Size>
              </XRAM>
              <OCR_RVCT1>
                <Type>1</Type>
                <StartAddress>0x0</StartAddress>
                <Size>0x0</Size>
              </OCR_RVCT1>
              <OCR_RVCT2>
                <Type>1</Type>
                <StartAddress>0x0</StartAddress>
                <Size>0x0</Size>
              </OCR_RVCT2>
              <OCR_RVCT3>
                <Type>1</Type>
                <StartAddress>0x0</StartAddress>
                <Size>0x0</Size>
              </OCR_RVCT3>
              <OCR_RVCT4>
                <Type>1</Type>
                <StartAddress>0x8000000</StartAddress>
                <Size>0x20000</Size>
              </OCR_RVCT4>
              <OCR_RVCT5>
                <Type>1</Type>
                <StartAddress>0x0</StartAddress>
                <Size>0x0</Size>
              </OCR_RVCT5>
              <OCR_RVCT6>
                <Type>0</Type>
                <StartAddress>0x0</StartAddress>
                <Size>0x0</Size>
              </OCR_RVCT6>
              <OCR_RVCT7>
                <Type>0</Type>
                <StartAddress>0x0</StartAddress>
                <Size>0x0</Size>
              </OCR_RVCT7>
              <OCR_RVCT8>
                <Type>0</Type>
                <StartAddress>0x0</StartAddress>
                <Size>0x0</Size>
              </OCR_RVCT8>
              <OCR_RVCT9>
                <Type>0</Type>
                <StartAddress>0x20000000</StartAddress>
                <Size>0x4000</Size>
              </OCR_RVCT9>
              <OCR_RVCT10>
                <Type>0</Type>
                <StartAddress>0x0</StartAddress>
                <Size>0x0</Size>
              </OCR_RVCT10>
            </OnChipMemories>
            <RvctStartVector></RvctStartVector>
          </ArmAdsMisc>
          <Cads>
            <interw>1</interw>
            <Optim>1</Optim>
            <oTime>0</oTime>
            <SplitLS>0</SplitLS>
            <OneElfS>0</OneElfS>
            <Strict>0</Strict>
            <EnumInt>0</EnumInt>
            <PlainCh>0</PlainCh>
            <Ropi>0</Ropi>
            <Rwpi>0</Rwpi>
            <wLevel>2</wLevel>
            <uThumb>0</uThumb>
            <uSurpInc>0</uSurpInc>
            <uC99>0</uC99>
            <useXO>0</useXO>
            <VariousControls>
              <MiscControls></MiscControls>
              <Define>USE_STDPERIPH_DRIVER,STM32F0XX,USE_STM320518_EVAL,STM320518_EVAL_REVB</Define>
              <Undefine></Undefine>
              <IncludePath>..\SYTSTEM\Libraries\CMSIS\Include;..\SYTSTEM\Libraries\CMSIS\Device\ST\STM32F0xx\Include;..\SYTSTEM\Libraries\STM32F0xx_CPAL_Driver\inc;..\SYTSTEM\Utilities\STM32_EVAL;..\SYTSTEM\Utilities\STM32_EVAL\Common;..\SYTSTEM\Utilities\STM32_EVAL\STM320518_EVAL;..\SYTSTEM\Libraries\STM32F0xx_StdPeriph_Driver\inc;..\SYTSTEM\Include</IncludePath>
            </VariousControls>
          </Cads>
          <Aads>
            <interw>1</interw>
            <Ropi>0</Ropi>
            <Rwpi>0</Rwpi>
            <thumb>0</thumb>
            <SplitLS>0</SplitLS>
            <SwStkChk>0</SwStkChk>
            <NoWarn>0</NoWarn>
            <uSurpInc>0</uSurpInc>
            <useXO>0</useXO>
            <VariousControls>
              <MiscControls></MiscControls>
              <Define></Define>
              <Undefine></Undefine>
              <IncludePath></IncludePath>
            </VariousControls>
          </Aads>
          <LDads>
            <umfTarg>1</umfTarg>
            <Ropi>0</Ropi>
            <Rwpi>0</Rwpi>
            <noStLib>0</noStLib>
            <RepFail>1</RepFail>
            <useFile>0</useFile>
            <TextAddressRange>0x08000000</TextAddressRange>
            <DataAddressRange>0x20000000</DataAddressRange>
            <pXoBase></pXoBase>
            <ScatterFile></ScatterFile>
            <IncludeLibs></IncludeLibs>
            <IncludeLibsPath></IncludeLibsPath>
            <Misc></Misc>
            <LinkerInputFile></LinkerInputFile>
            <DisabledWarnings></DisabledWarnings>
          </LDads>
        </TargetArmAds>
      </TargetOption>
      <Groups>
        <Group>
          <GroupName>USER</GroupName>
          <Files>
            <File>
              <FileName>main.c</FileName>
              <FileType>1</FileType>
              <FilePath>.\main.c</FilePath>
            </File>
            <File>
              <FileName>usart1.c</FileName>
              <FileType>1</FileType>
              <FilePath>.\usart1.c</FilePath>
            </File>
            <File>
              <FileName>dac1.c</FileName>
              <FileType>1</FileType>
              <FilePath>.\dac1.c</FilePath>
            </File>
            <File>
              <FileName>flash.c</FileName>
              <FileType>1</FileType>
              <FilePath>.\flash.c</FilePath>
            </File>
            <File>
              <FileName>wav.c</FileName>
              <FileType>1</FileType>
              <FilePath>.\wav.c</FilePath>
            </File>
          </Files>
        </Group>
        <Group>
          <GroupName>DRIVER</GroupName>
          <Files>
            <File>
              <FileName>stm32f0xx_adc.c</FileName>
              <FileType>1</FileType>
              <FilePath>..\SYTSTEM\Libraries\STM32F0xx_StdPeriph_Driver\src\stm32f0xx_adc.c</FilePath>
            </File>
            <File>
              <FileName>stm32f0xx_cec.c</FileName>
              <FileType>1</FileType>
              <FilePath>..\SYTSTEM\Libraries\STM32F0xx_StdPeriph_Driver\src\stm32f0xx_cec.c</FilePath>
            </File>
            <File>
              <FileName>stm32f0xx_comp.c</FileName>
              <FileType>1</FileType>
              <FilePath>..\SYTSTEM\Libraries\STM32F0xx_StdPeriph_Driver\src\stm32f0xx_comp.c</FilePath>
            </File>
            <File>
              <FileName>stm32f0xx_crc.c</FileName>
              <FileType>1</FileType>
              <FilePath>..\SYTSTEM\Libraries\STM32F0xx_StdPeriph_Driver\src\stm32f0xx_crc.c</FilePath>
            </File>
            <File>
              <FileName>stm32f0xx_dac.c</FileName>
              <FileType>1</FileType>
              <FilePath>..\SYTSTEM\Libraries\STM32F0xx_StdPeriph_Driver\src\stm32f0xx_dac.c</FilePath>
            </File>
            <File>
              <FileName>stm32f0xx_dbgmcu.c</FileName>
              <FileType>1</FileType>
              <FilePath>..\SYTSTEM\Libraries\STM32F0xx_StdPeriph_Driver\src\stm32f0xx_dbgmcu.c</FilePath>
            </File>
            <File>
              <FileName>stm32f0xx_dma.c</FileName>
              <FileType>1</FileType>
              <FilePath>..\SYTSTEM\Libraries\STM32F0xx_StdPeriph_Driver\src\stm32f0xx_dma.c</FilePath>
            </File>
            <File>
              <FileName>stm32f0xx_exti.c</FileName>
              <FileType>1</FileType>
              <FilePath>..\SYTSTEM\Libraries\STM32F0xx_StdPeriph_Driver\src\stm32f0xx_exti.c</FilePath>
            </File>
            <File>
              <FileName>stm32f0xx_flash.c</FileName>
              <FileType>1</FileType>
              <FilePath>..\SYTSTEM\Libraries\STM32F0xx_StdPeriph_Driver\src\stm32f0xx_flash.c</FilePath>
            </File>
            <File>
              <FileName>stm32f0xx_gpio.c</FileName>
              <FileType>1</FileType>
              <FilePath>..\SYTSTEM\Libraries\STM32F0xx_StdPeriph_Driver\src\stm32f0xx_gpio.c</FilePath>
            </File>
            <File>
              <FileName>stm32f0xx_i2c.c</FileName>
              <FileType>1</FileType>
              <FilePath>..\SYTSTEM\Libraries\STM32F0xx_StdPeriph_Driver\src\stm32f0xx_i2c.c</FilePath>
            </File>
            <File>
              <FileName>stm32f0xx_iwdg.c</FileName>
              <FileType>1</FileType>
              <FilePath>..\SYTSTEM\Libraries\STM32F0xx_StdPeriph_Driver\src\stm32f0xx_iwdg.c</FilePath>
            </File>
            <File>
              <FileName>stm32f0xx_misc.c</FileName>
              <FileType>1</FileType>
              <FilePath>..\SYTSTEM\Libraries\STM32F0xx_StdPeriph_Driver\src\stm32f0xx_misc.c</FilePath>
            </File>
            <File>
              <FileName>stm32f0xx_pwr.c</FileName>
              <FileType>1</FileType>
              <FilePath>..\SYTSTEM\Libraries\STM32F0xx_StdPeriph_Driver\src\stm32f0xx_pwr.c</FilePath>
            </File>
            <File>
              <FileName>stm32f0xx_rcc.c</FileName>
              <FileType>1</FileType>
              <FilePath>..\SYTSTEM\Libraries\STM32F0xx_StdPeriph_Driver\src\stm32f0xx_rcc.c</FilePath>
            </File>
            <File>
              <FileName>stm32f0xx_rtc.c</FileName>
              <FileType>1</FileType>
              <FilePath>..\SYTSTEM\Libraries\STM32F0xx_StdPeriph_Driver\src\stm32f0xx_rtc.c</FilePath>
            </File>
            <File>
              <FileName>stm32f0xx_spi.c</FileName>
              <FileType>1</FileType>
              <FilePath>..\SYTSTEM\Libraries\STM32F0xx_StdPeriph_Driver\src\stm32f0xx_spi.c</FilePath>
            </File>
            <File>
              <FileName>stm32f0xx_syscfg.c</FileName>
              <FileType>1</FileType>
              <FilePath>..\SYTSTEM\Libraries\STM32F0xx_StdPeriph_Driver\src\stm32f0xx_syscfg.c</FilePath>
            </File>
            <File>
              <FileName>stm32f0xx_tim.c</FileName>
              <FileType>1</FileType>
              <FilePath>..\SYTSTEM\Libraries\STM32F0xx_StdPeriph_Driver\src\stm32f0xx_tim.c</FilePath>
            </File>
            <File>
              <FileName>stm32f0xx_usart.c</FileName>
              <FileType>1</FileType>
              <FilePath>..\SYTSTEM\Libraries\STM32F0xx_StdPeriph_Driver\src\stm32f0xx_usart.c</FilePath>
            </File>
            <File>
              <FileName>stm32f0xx_wwdg.c</FileName>
              <FileType>1</FileType>
              <FilePath>..\SYTSTEM\Libraries\STM32F0xx_StdPeriph_Driver\src\stm32f0xx_wwdg.c</FilePath>
            </File>
          </Files>
        </Group>
        <Group>
          <GroupName>EVAL</GroupName>
          <Files>
            <File>
              <FileName>stm320518_eval.c</FileName>
              <FileType>1</FileType>
              <FilePath>..\SYTSTEM\Utilities\STM32_EVAL\STM320518_EVAL\stm320518_eval.c</FilePath>
            </File>
          </Files>
        </Group>
        <Group>
          <GroupName>::CMSIS</GroupName>
        </Group>
        <Group>
          <GroupName>::Device</GroupName>
        </Group>
      </Groups>
    </Target>
  </Targets>

  <RTE>
    <apis/>
    <components>
      <component Cclass="CMSIS" Cgroup="CORE" Cvendor="ARM" Cversion="3.30.0" condition="CMSIS Core">
        <package name="CMSIS" schemaVersion="1.2" url="http://www.keil.com/pack/" vendor="ARM" version="4.1.0"/>
        <targetInfos>
          <targetInfo name="Target 1"/>
        </targetInfos>
      </component>
      <component Cclass="Device" Cgroup="Startup" Cvendor="Keil" Cversion="2.2.3" condition="STM32F072xB CMSIS">
        <package name="STM32F0xx_DFP" schemaVersion="1.2" url="http://www.keil.com/pack/" vendor="Keil" version="1.5.0"/>
        <targetInfos>
          <targetInfo name="Target 1"/>
        </targetInfos>
      </component>
    </components>
    <files>
      <file attr="config" category="sourceAsm" condition="Compiler ARMCC" name="Device\Source\ARM\startup_stm32f072.s" version="1.5.0">
        <instance index="0" removed="1">RTE\Device\STM32F072CB\startup_stm32f072.s</instance>
        <component Cclass="Device" Cgroup="Startup" Cvendor="Keil" Cversion="1.5.0" condition="STM32F072_78 CMSIS"/>
        <package name="STM32F0xx_DFP" schemaVersion="1.2" url="http://www.keil.com/pack/" vendor="Keil" version="1.4.0"/>
        <targetInfos/>
      </file>
      <file attr="config" category="sourceAsm" condition="Compiler ARMCC" name="Device\Source\ARM\startup_stm32f072xb.s" version="2.2.3">
        <instance index="0">RTE\Device\STM32F072CB\startup_stm32f072xb.s</instance>
        <component Cclass="Device" Cgroup="Startup" Cvendor="Keil" Cversion="2.2.3" condition="STM32F072xB CMSIS"/>
        <package name="STM32F0xx_DFP" schemaVersion="1.2" url="http://www.keil.com/pack/" vendor="Keil" version="1.5.0"/>
        <targetInfos>
          <targetInfo name="Target 1"/>
        </targetInfos>
      </file>
      <file attr="config" category="sourceC" name="Device\Source\system_stm32f0xx.c" version="2.2.3">
        <instance index="0">RTE\Device\STM32F072CB\system_stm32f0xx.c</instance>
        <component Cclass="Device" Cgroup="Startup" Cvendor="Keil" Cversion="2.2.3" condition="STM32F072xB CMSIS"/>
        <package name="STM32F0xx_DFP" schemaVersion="1.2" url="http://www.keil.com/pack/" vendor="Keil" version="1.5.0"/>
        <targetInfos>
          <targetInfo name="Target 1"/>
        </targetInfos>
      </file>
    </files>
  </RTE>

</Project>
